id,accepted,file,command,compared_pairs,max_normalized_error,failure
dc_ths4131,True,ths4131_diff_amp.cir,op,34,3.539654207184711e-10,
dc_divider,True,resistor_divider.cir,op,34,0,
ac_ths4131_10,True,ths4131_diff_amp.cir,ac dec 10 1 100e6,34,1.2995195394251999e-08,
ac_ths4131_1000,True,ths4131_diff_amp.cir,ac dec 1000 1 100e6,34,1.3728405454566993e-08,
ac_rc,True,rc_ac.cir,ac dec 10 1 1e9,34,0,
tran_rc,True,rc_lowpass.cir,tran 1e-6 5e-4,34,0,
tran_rlc,True,rlc_series.cir,tran 1e-7 1e-4,34,7.478560419850796e-12,
tran_pulse,True,pulse_defaults.cir,tran 1e-7 1e-4,34,0,
noise_divider,True,resistor_divider_noise.cir,noise v(out) v1 dec 10 1 1e9,34,0,
sweep_divider,True,resistor_divider.cir,dc v1 -5 5 0.01,34,0,
op_ac_ths4131,True,ths4131_diff_amp.cir,op; ac dec 10 1 100e6,34,1.2995195394251999e-08,
op_ac_opa1632,True,opa1632_test.cir,op; ac dec 10 1 100e6,34,0.00040134044772874327,
dc_mesh_10,True,paired/mesh_10.cir,op,34,0,
dc_mesh_32,True,paired/mesh_32.cir,op,34,8.861300848121295e-14,
dc_mesh_71,True,paired/mesh_71.cir,op,34,9.931249589658898e-13,
dc_mesh_141,True,paired/mesh_141.cir,op,34,4.425827111456195e-12,
dc_diode_ladder_100,True,paired/diode_ladder_100.cir,op,34,0,
dc_diode_ladder_1000,True,paired/diode_ladder_1000.cir,op,34,0,
dc_diode_ladder_5000,True,paired/diode_ladder_5000.cir,op,34,0,
dc_diode_ladder_20000,True,paired/diode_ladder_20000.cir,op,34,0,
ac_rc_grid_8,True,paired/rc_grid_8.cir,ac dec 10 1 1e6,34,0,
tran_rc_grid_8,True,paired/rc_grid_8.cir,tran 1e-6 5e-4,34,0,
ac_rc_grid_24,True,paired/rc_grid_24.cir,ac dec 10 1 1e6,34,0,
tran_rc_grid_24,True,paired/rc_grid_24.cir,tran 1e-6 5e-4,34,1.8996541986987744e-11,
ac_rc_grid_48,True,paired/rc_grid_48.cir,ac dec 10 1 1e6,34,0,
tran_rc_grid_48,True,paired/rc_grid_48.cir,tran 1e-6 5e-4,34,3.196043231537832e-10,
noise_rc_grid_24,True,paired/rc_grid_24.cir,noise v(out) v1 dec 10 1 1e6,34,1.9342434755820573e-13,
ac_diode_rc_grid_8,True,paired/diode_rc_grid_8.cir,ac dec 10 1 1e6,34,0,
tran_diode_rc_grid_8,True,paired/diode_rc_grid_8.cir,tran 1e-6 5e-4,34,0,
ac_diode_rc_grid_24,True,paired/diode_rc_grid_24.cir,ac dec 10 1 1e6,34,0,
tran_diode_rc_grid_24,True,paired/diode_rc_grid_24.cir,tran 1e-6 5e-4,34,0,
ac_diode_rc_grid_48,True,paired/diode_rc_grid_48.cir,ac dec 10 1 1e6,34,0,
tran_diode_rc_grid_48,True,paired/diode_rc_grid_48.cir,tran 1e-6 5e-4,34,0,
noise_diode_rc_grid_24,True,paired/diode_rc_grid_24.cir,noise v(out) v1 dec 10 1 1e6,34,3.1053253804783225e-12,
