id,phase,n,neo_median_us,neo_min_us,neo_max_us,reference_median_us,reference_min_us,reference_max_us,reference_over_neo
dc_ths4131,load_us,5,259.873,251.683,282.255,268.978,257.831,269.72,1.0350363446760533
dc_ths4131,analysis_us,5,131.809,130.53,139.44,160.823,150.175,166.799,1.2201215395003377
dc_ths4131,cleanup_us,5,3.333,2.995,3.45,16.828,15.28,18.931,5.048904890489048
dc_ths4131,total_us,5,393.994,385.539,425.085,445.825,425.416,455.45,1.131552764762915
dc_divider,load_us,5,11.444,9.309,14.91,31.792,29.866,34.674,2.7780496329954563
dc_divider,analysis_us,5,5.211,3.8,6.554,19.681,18.148,62.665,3.7768182690462484
dc_divider,cleanup_us,5,0.323,0.246,0.439,3.415,3.271,4.238,10.572755417956657
dc_divider,total_us,5,16.978,13.355,21.903,55.342,51.536,101.107,3.2596301095535396
ac_ths4131_10,load_us,5,266.413,257.169,291.315,270.375,262.642,279.145,1.0148716466538794
ac_ths4131_10,analysis_us,5,377.702,372.995,387.684,549.181,474.711,578.773,1.4540060682760485
ac_ths4131_10,cleanup_us,5,3.52,3.389,3.562,19.33,18.202,24.307,5.4914772727272725
ac_ths4131_10,total_us,5,644.765,638.26,682.523,839.172,755.555,877.135,1.301516056237544
ac_ths4131_1000,load_us,5,349.832,331.528,360.208,357.159,330.024,392.383,1.0209443389970043
ac_ths4131_1000,analysis_us,5,19738.292,18746.572,20578.279,24567.721,21239.031,26780.363,1.2446730953215202
ac_ths4131_1000,cleanup_us,5,18.443,16.335,22.141,66.892,52.421,77.513,3.6269587377324726
ac_ths4131_1000,total_us,5,20114.835,19113.725,20930.674,24961.216,21638.648,27215.035,1.240935657687473
ac_rc,load_us,5,12.744,11.027,15.677,33.026,32.391,35.594,2.591494036409291
ac_rc,analysis_us,5,13.791,12.701,16.198,63.618,59.591,68.474,4.613008483793778
ac_rc,cleanup_us,5,0.456,0.387,0.504,4.092,3.766,4.309,8.973684210526315
ac_rc,total_us,5,27.013,24.115,32.379,101.779,96.246,108.364,3.767778477029578
tran_rc,load_us,5,17.232,14.848,23.342,40.271,37.59,42.631,2.3369893221912723
tran_rc,analysis_us,5,332.614,325.709,339.588,1249.837,1220.967,1294.159,3.7576199438388045
tran_rc,cleanup_us,5,0.434,0.423,0.588,4.374,3.948,4.799,10.078341013824884
tran_rc,total_us,5,352.468,341.103,357.857,1295.041,1265.186,1336.891,3.6742087224939564
tran_rlc,load_us,5,21.93,17.687,23.681,46.156,43.923,47.625,2.1046967624259008
tran_rlc,analysis_us,5,414.539,410.898,420.222,1461.531,1451.745,1517.191,3.525677921739571
tran_rlc,cleanup_us,5,0.578,0.522,0.719,4.861,4.316,5.682,8.410034602076125
tran_rlc,total_us,5,433.912,432.237,442.782,1512.548,1503.101,1567.268,3.4858404469108946
tran_pulse,load_us,5,13.265,12.521,18.328,35.364,33.038,35.642,2.6659630606860154
tran_pulse,analysis_us,5,154.429,154.041,156.525,843.563,830.529,857.917,5.462464951531124
tran_pulse,cleanup_us,5,0.324,0.299,0.387,4.018,3.556,4.218,12.401234567901234
tran_pulse,total_us,5,169.345,166.937,174.459,883.145,867.123,896.149,5.215063922761227
noise_divider,load_us,5,13.288,11.598,15.221,35.153,34.668,35.96,2.645469596628537
noise_divider,analysis_us,5,15.861,14.637,17.772,78.666,75.514,80.862,4.959712502364289
noise_divider,cleanup_us,5,0.365,0.329,0.421,4.549,4.323,4.732,12.463013698630139
noise_divider,total_us,5,29.504,26.6,33.414,118.083,114.99,121.463,4.0022708785249455
sweep_divider,load_us,5,16.659,12.434,20.552,34.9,32.911,36.557,2.0949636832943153
sweep_divider,analysis_us,5,280.043,274.342,284.596,714.56,709.654,720.457,2.5516081458918807
sweep_divider,cleanup_us,5,0.347,0.301,0.4,4.05,3.691,4.419,11.671469740634006
sweep_divider,total_us,5,297.738,287.598,304.831,755.132,748.25,759.407,2.5362298396576852
op_ac_ths4131,load_us,5,271.646,261.392,296.036,275.799,264.032,281.614,1.015288279599184
op_ac_ths4131,analysis_us,5,375.123,373.654,403.715,552.012,528.431,573.47,1.4715493318191633
op_ac_ths4131,cleanup_us,5,3.607,3.293,3.812,20.364,19.805,22.971,5.645688938175769
op_ac_ths4131,total_us,5,650.438,638.339,702.94,848.518,812.268,878.055,1.3045332529772247
op_ac_opa1632,load_us,5,782.492,776.914,879.546,1009.923,990.891,1049.881,1.2906496168650927
op_ac_opa1632,analysis_us,5,3472.293,3358.627,3500.605,5198.629,5160.262,5316.081,1.4971746335922689
op_ac_opa1632,cleanup_us,5,13.392,12.186,15.03,102.673,92.915,108.232,7.666741338112306
op_ac_opa1632,total_us,5,4269.086,4151.568,4393.919,6314.106,6255.933,6474.194,1.4790299375557203
dc_mesh_10,load_us,5,151.043,146.078,171.915,267.239,263.792,269.709,1.7692908641909917
dc_mesh_10,analysis_us,5,173.992,172.857,180.156,204.276,193.546,205.766,1.1740539794933103
dc_mesh_10,cleanup_us,5,2.903,2.721,3.09,22.592,21.319,23.864,7.7822941784361
dc_mesh_10,total_us,5,326.99,322.973,355.022,494.971,478.657,499.301,1.5137190739777975
dc_mesh_32,load_us,5,1427.282,1409.7,1591.842,2741.626,2729.427,2818.895,1.9208719790482893
dc_mesh_32,analysis_us,5,3927.549,3913.445,3965.813,9454.662,9419.379,9551.352,2.407267738734768
dc_mesh_32,cleanup_us,5,27.554,20.401,30.141,310.192,289.762,310.669,11.257603251796473
dc_mesh_32,total_us,5,5381.927,5352.284,5587.277,12498.409,12470.206,12680.577,2.322292554321157
dc_mesh_71,load_us,5,7180.568,7029.277,7332.205,12723.186,12614.374,13025.798,1.7718913044204858
dc_mesh_71,analysis_us,5,42848.384,42454.792,42986.211,247023.694,244925.653,251194.096,5.765064418765478
dc_mesh_71,cleanup_us,5,195.098,172.241,219.439,2950.844,2458.505,3138.906,15.124932085413484
dc_mesh_71,total_us,5,50210.586,49831.623,50383.945,262794.647,260151.292,267170.738,5.23384943167164
dc_mesh_141,load_us,5,33036.676,32339.737,38110.629,57269.739,56738.878,64429.315,1.7335200127276729
dc_mesh_141,analysis_us,5,371474.57,368964.556,379055.261,9220613.901,8958004.084,10168773.328,24.82165576233119
dc_mesh_141,cleanup_us,5,1817.247,1692.116,3059.312,18629.601,17784.059,23986.946,10.251551385144671
dc_mesh_141,total_us,5,408519.852,403888.778,415102.538,9301870.586,9035163.926,10252833.056,22.769690482508054
dc_diode_ladder_100,load_us,5,174.504,171.714,207.703,368.382,361.092,375.171,2.1110232430202176
dc_diode_ladder_100,analysis_us,5,112.31,109.789,114.721,131.945,126.598,137.266,1.1748285994123409
dc_diode_ladder_100,cleanup_us,5,4.053,3.833,4.113,24.139,22.983,24.876,5.955835183814458
dc_diode_ladder_100,total_us,5,290.927,286.455,326.509,524.89,511.829,534.517,1.8041983040419072
dc_diode_ladder_1000,load_us,5,1576.208,1524.283,1714.534,3253.922,3234.573,3306.333,2.064398861064022
dc_diode_ladder_1000,analysis_us,5,1052.898,1037.39,1075.91,1083.842,1070.092,1096.959,1.0293893615525913
dc_diode_ladder_1000,cleanup_us,5,37.294,29.573,56.532,272.234,269.244,275.311,7.299672869630504
dc_diode_ladder_1000,total_us,5,2659.246,2591.246,2821.733,4607.008,4583.649,4667.203,1.7324489723778844
dc_diode_ladder_5000,load_us,5,8422.559,8005.936,8541.471,16324.911,16224.545,16842.321,1.938236467087972
dc_diode_ladder_5000,analysis_us,5,6259.395,6162.73,6271.856,8820.95,8340.564,9942.897,1.4092336399923635
dc_diode_ladder_5000,cleanup_us,5,379.936,305.023,518.694,2925.983,2846.344,4174.045,7.701252316179568
dc_diode_ladder_5000,total_us,5,15010.21,14598.207,15332.021,28756.473,27925.909,29631.562,1.915794182759602
dc_diode_ladder_20000,load_us,5,38437.872,37467.936,39002.814,80243.967,75051.986,81926.957,2.0876277177883313
dc_diode_ladder_20000,analysis_us,5,34507.674,32971.763,36544.606,93541.904,83315.051,101519.112,2.710756569683601
dc_diode_ladder_20000,cleanup_us,5,3032.173,2843.027,3862.768,25277.684,23471.82,25926.977,8.336491354550022
dc_diode_ladder_20000,total_us,5,75671.325,75215.695,77825.505,197406.512,188836.702,202479.296,2.608736030458037
ac_rc_grid_8,load_us,5,143.558,139.546,165.868,281.014,274.216,284.054,1.9574945318268575
ac_rc_grid_8,analysis_us,5,394.062,386.368,406.19,435.801,415.356,476.657,1.1059198806279213
ac_rc_grid_8,cleanup_us,5,3.33,3.176,3.388,23.946,22.244,24.363,7.190990990990992
ac_rc_grid_8,total_us,5,536.784,530.695,575.388,739.193,712.778,785.074,1.377077185609109
tran_rc_grid_8,load_us,5,168.192,159.981,192.312,308.335,276.465,321.842,1.833232258371385
tran_rc_grid_8,analysis_us,5,6940.547,6719.994,6974.518,4977.536,4838.893,5257.211,0.7171676814521968
tran_rc_grid_8,cleanup_us,5,4.581,4.002,5.878,30.109,25.153,34.672,6.5725824055882995
tran_rc_grid_8,total_us,5,7113.644,6890.928,7170.832,5321.178,5195.407,5595.655,0.7480242193733619
ac_rc_grid_24,load_us,5,1154.246,1119.793,1281.299,2460.444,2356.2,2488.015,2.1316461135667786
ac_rc_grid_24,analysis_us,5,15583.708,15438.168,15843.669,14377.999,14096.217,14560.325,0.9226301596513486
ac_rc_grid_24,cleanup_us,5,88.527,79.369,96.1,388.662,332.743,410.979,4.390321596800976
ac_rc_grid_24,total_us,5,16813.798,16674.618,17213.495,17259.146,16968.478,17336.881,1.0264870554529084
tran_rc_grid_24,load_us,5,1276.743,1180.154,1356.926,2429.815,2399.797,2448.531,1.9031355566468742
tran_rc_grid_24,analysis_us,5,94776.754,94220.605,97953.784,199598.583,193169.35,203109.881,2.105986695851601
tran_rc_grid_24,cleanup_us,5,34.475,33.176,37.899,431.118,381.808,526.356,12.505235678027555
tran_rc_grid_24,total_us,5,96072.738,95613.028,99168.413,202555.4,196048.999,206043.527,2.1083546094002235
ac_rc_grid_48,load_us,5,4704.12,4497.205,5328.245,9326.606,9159.261,9351.778,1.9826462760303734
ac_rc_grid_48,analysis_us,5,215911.379,214207.874,216394.642,232871.545,231274.025,234392.481,1.0785515153418572
ac_rc_grid_48,cleanup_us,5,331.18,295.536,422.293,1931.166,1665.99,2196.004,5.831167341023009
ac_rc_grid_48,total_us,5,221415.683,219070.959,221570.804,244039.733,242364.452,245855.432,1.1021790764478052
tran_rc_grid_48,load_us,5,4693.051,4573.559,5137.011,9349.919,9229.31,9481.13,1.9922900901780098
tran_rc_grid_48,analysis_us,5,744390.447,735025.621,759527.671,3288128.995,3240155.206,3301595.333,4.417210092165516
tran_rc_grid_48,cleanup_us,5,125.241,114.836,130.995,1885.644,1692.342,2105.662,15.056123793326467
tran_rc_grid_48,total_us,5,749078.842,740211.314,764300.81,3299456.353,3251521.98,3312622.113,4.404685018456309
noise_rc_grid_24,load_us,5,1135.109,1118.216,1284.295,2365.293,2357.331,2373.756,2.0837584760582466
noise_rc_grid_24,analysis_us,5,16821.515,16696.654,16887.739,17484.054,17435.838,17745.513,1.0393864048511683
noise_rc_grid_24,cleanup_us,5,43.034,38.527,45.804,243.207,224.846,258.953,5.651508109866617
noise_rc_grid_24,total_us,5,17995.151,17857.904,18216.218,20095.656,20052.122,20350.553,1.1167261669546422
ac_diode_rc_grid_8,load_us,5,225.933,217.859,260.444,435.477,426.129,439.036,1.9274607958996692
ac_diode_rc_grid_8,analysis_us,5,595.464,579.696,618.775,612.875,592.874,648.669,1.0292393830693374
ac_diode_rc_grid_8,cleanup_us,5,5.68,5.489,6.185,32.108,30.4,33.104,5.652816901408451
ac_diode_rc_grid_8,total_us,5,844.085,807.235,878.772,1085.015,1060.235,1117.168,1.285433339059455
tran_diode_rc_grid_8,load_us,5,296.119,278.872,308.103,489.434,456.173,499.496,1.6528287614101087
tran_diode_rc_grid_8,analysis_us,5,13658.339,13600.729,13875.347,9685.279,9511.274,9970.385,0.7091110419795555
tran_diode_rc_grid_8,cleanup_us,5,14.096,9.642,16.499,52.81,45.384,60.874,3.746452894438139
tran_diode_rc_grid_8,total_us,5,13981.41,13889.243,14185.562,10203.891,10012.831,10526.488,0.7298184517870515
ac_diode_rc_grid_24,load_us,5,1842.171,1810.164,2025.973,3759.217,3717.382,3805.632,2.040644978126352
ac_diode_rc_grid_24,analysis_us,5,24082.23,23844.829,24551.272,20734.235,20584.87,21036.658,0.8609765374718206
ac_diode_rc_grid_24,cleanup_us,5,376.998,359.967,390.608,618.468,532.58,652.648,1.6405073766969585
ac_diode_rc_grid_24,total_us,5,26307.212,26014.96,26967.853,25114.481,24945.534,25474.327,0.9546614441697585
tran_diode_rc_grid_24,load_us,5,1952.297,1844.212,2095.084,3852.466,3804.558,3868.118,1.9732991445461423
tran_diode_rc_grid_24,analysis_us,5,301036.495,299049.713,302758.112,273035.389,268787.199,276601.375,0.9069843475290265
tran_diode_rc_grid_24,cleanup_us,5,100.241,85.112,107.508,677.414,544.026,715.35,6.757853572889337
tran_diode_rc_grid_24,total_us,5,303135.178,301252.305,304813.493,277580.921,273340.259,281096.926,0.9157001270238585
ac_diode_rc_grid_48,load_us,5,7564.037,7533.581,8393.618,15217.637,15193.335,15651.503,2.0118406348356044
ac_diode_rc_grid_48,analysis_us,5,339171.194,336336.272,340054.108,337906.482,324662.149,346939.384,0.9962711691842556
ac_diode_rc_grid_48,cleanup_us,5,1462.255,1414.266,1593.005,3707.863,3144.914,4472.085,2.5357157267371284
ac_diode_rc_grid_48,total_us,5,349043.667,345338.689,349701.942,356690.692,343066.536,365941.143,1.021908505218632
tran_diode_rc_grid_48,load_us,5,7711.488,7382.637,8374.019,14932.07,14623.607,15178.306,1.936340950021578
tran_diode_rc_grid_48,analysis_us,5,3901895.186,3852241.768,3969324.195,4486460.624,4310469.537,4576040.168,1.1498157716018156
tran_diode_rc_grid_48,cleanup_us,5,387.93,363.121,417.052,3469.862,3351.673,5087.025,8.944557007707576
tran_diode_rc_grid_48,total_us,5,3910662.687,3860299.4,3977636.284,4505601.053,4328999.516,4594585.355,1.1521323656928328
noise_diode_rc_grid_24,load_us,5,1896.925,1846.199,2040.082,3800.165,3752.776,3812.055,2.003329072050819
noise_diode_rc_grid_24,analysis_us,5,26278.242,25991.298,26795.263,26666.734,26054.083,26804.204,1.0147837895700937
noise_diode_rc_grid_24,cleanup_us,5,317.63,291.842,334.941,587.101,546.2,749.612,1.8483801907880237
noise_diode_rc_grid_24,total_us,5,28416.283,28139.265,29158.345,31093.021,30450.19,31169.122,1.0941973304531067
